Популярные запросы,Kлики,Показы,CTR,Позиция
twocomms,21,46,45.65%,3.22
twocoms,6,7,85.71%,4.57
футболка харків,5,30,16.67%,6.83
худі харків,2,59,3.39%,13.66
two coms,2,3,66.67%,1.33
харків футболка,1,8,12.5%,7.75
футболка kharkiv,1,4,25%,12.25
two comes,1,2,50%,1
лонгслів,0,290,0%,57.64
бентежне,0,116,0%,12.4
худі життя,0,60,0%,3.33
лонг слів,0,44,0%,48.32
бентежність це,0,37,0%,11.11
бентежне це,0,25,0%,5.2
glory of ukraine,0,20,0%,7.9
класичні худі,0,15,0%,66.87
графіт зсу вхід,0,15,0%,68.4
лонгсліви,0,12,0%,44.33
довгий лонгслів,0,12,0%,65.5
longsleeve,0,9,0%,34.56
бентежність,0,9,0%,37
худі в українському стилі,0,8,0%,77.75
двойной лонгслив,0,7,0%,67.14
225ошп,0,4,0%,6
худи харьков,0,4,0%,13.75
glory ukraine,0,4,0%,19.75
худі україна,0,4,0%,36
hoodie ukraine,0,4,0%,88.75
своїй,0,3,0%,4.67
my little baby,0,3,0%,9
худі ukraine,0,3,0%,21
м'яке худі,0,3,0%,77.33
two hoodies,0,2,0%,5
худі суми,0,2,0%,6
mylittlebaby,0,2,0%,10.5
twocom,0,2,0%,48
подвійний лонгслів,0,2,0%,65
лонгслів з подвійним рукавом,0,2,0%,66.5
лонгслів купити,0,2,0%,73.5
лонгслів подвійний,0,2,0%,93
two shop,0,1,0%,5
wizmu,0,1,0%,8
hoolts,0,1,0%,9
життя бентежне,0,1,0%,10
футболки харків,0,1,0%,12
футболка death,0,1,0%,14
фільм,0,1,0%,14
two comp,0,1,0%,15
хто це ?,0,1,0%,16
ukraine hoodies,0,1,0%,49
футболка харьков,0,1,0%,50
лонгслів це,0,1,0%,92